{
    "123": {
        "discord": "discord username",
        "time": 600,
        "expiry": "8/8/2022",
        "maxCons": "2",
        "webhook": "customer webhook",
        "curCons": 0,
        "totalattacks": 0,
        "banned": false,
        "vip": false
    },
    "Q2AYdVWsxE6Luh1heZ21itIOz": {
        "discord": "HowToDoIt#8161",
        "time": 10,
        "expiry": "1",
        "maxCons": "1",
        "webhook": "https://discord.com/api/webhooks/979353973414830080/RpMhugFljuy6Ww8ftmu5vCIqoHHR-Dfg03k38M36KLhI2TH5K2Bf2doc695zNKN4D52Y",
        "curCons": 0,
        "totalattacks": 0,
        "banned": false,
        "mirai": false,
        "holder": false
    },
    "Qry0Ir1Ocp03DiISuT9SOoLhW": {
        "discord": "HowToDoIt#8161",
        "time": 10,
        "expiry": "1",
        "maxCons": "1",
        "webhook": "https://discord.com/api/webhooks/979353973414830080/RpMhugFljuy6Ww8ftmu5vCIqoHHR-Dfg03k38M36KLhI2TH5K2Bf2doc695zNKN4D52Y",
        "curCons": 0,
        "totalattacks": 0,
        "banned": false,
        "mirai": false,
        "holder": false
    }
}